Year,Rate
2007,2.61926354
2008,2.533513841
2009,2.463354996
2010,2.46075652
2011,2.562097074
2012,3.076595269
